Fecha,Título,URL de la imagen
2021-07-17,Alphonsus and Arzachel,https://apod.nasa.gov/apod/image/2107/AlphonseArzachelOwl_Donnard1088.jpg
2019-07-24,Zodiacal Road,https://apod.nasa.gov/apod/image/1907/ZodiacalRoad_Merzlyakov_960.jpg
1996-02-11,Sputnik: The Traveling Companion,https://apod.nasa.gov/apod/image/sput.gif
1999-06-07,Starbirth in the Trifid Nebula,https://apod.nasa.gov/apod/image/9906/trifid_hst.jpg
2006-03-06,Unexpected Comet Pojmanski Now Visible,https://apod.nasa.gov/apod/image/0603/pojmanski_schur.jpg
2001-10-29,Spinning Black Holes and MCG-6-30-15,https://apod.nasa.gov/apod/image/0110/bhspin_xmm.jpg
2023-06-02,Messier 101,https://apod.nasa.gov/apod/image/2306/M101_hst1280.jpg
2018-12-15,Geminids and Friends,https://apod.nasa.gov/apod/image/1812/Geminids-DLopez1024.jpg
1998-11-25,A Leonid Bolide Over Kansas,https://apod.nasa.gov/apod/image/9811/leonidbolide_vw.jpg
2006-01-14,Lunokhod: Moon Robot,https://apod.nasa.gov/apod/image/0601/lunokhod.jpg
